<?xml version="1.0" encoding="UTF-8"?>
<project-private xmlns="http://www.netbeans.org/ns/project-private/1">
    <editor-bookmarks xmlns="http://www.netbeans.org/ns/editor-bookmarks/2" lastBookmarkId="0"/>
    <open-files xmlns="http://www.netbeans.org/ns/projectui-open-files/2">
        <group>
            <file>file:/D:/alumnoc1bibli41/Documents/clase%20mancilla/Actividad1/src/actividad1/Persona.java</file>
            <file>file:/D:/alumnoc1bibli41/Documents/clase%20mancilla/Actividad1/src/actividad1/CursosDisponibles.txt</file>
            <file>file:/D:/alumnoc1bibli41/Documents/clase%20mancilla/Actividad1/src/actividad1/Alumno.java</file>
            <file>file:/D:/alumnoc1bibli41/Documents/clase%20mancilla/Actividad1/src/actividad1/Docente.java</file>
            <file>file:/D:/alumnoc1bibli41/Documents/clase%20mancilla/Actividad1/src/actividad1/Curso.java</file>
            <file>file:/D:/alumnoc1bibli41/Documents/clase%20mancilla/Actividad1/src/actividad1/Interfaz.java</file>
        </group>
    </open-files>
</project-private>
